source,interview_id,family,probe_level,claim,question,phrase,matched_term,sub_type_guess,definite,tool_level_guess,question_numerals,validator_verdict,validator_rules
P3,s_148a0320de,bpo_operations,OPERATIONAL,Improved CSAT from 78% to 92% in four quarters by redesigning the escalation workflow,"On ""Improved CSAT from 78% to 92% in four quarters by redesigning the escalation workflow"" — How did this work day to day? Walk me through the steps and the systems you used.",steps and the systems,systems,invented_tool,1,specifically_unentailed,78% 92%,not_evaluated,
P3,s_187b1e66e7,bpo_operations,TRANSFER,Managed a team of 22 agents and ran the daily huddle,How would you manage AHT improvements using your team huddle approach?,AHT,aht,invented_metric,0,,,accept,
P3,s_187b1e66e7,bpo_operations,INCIDENT,Reduced AHT from 520 seconds to 430 seconds through script standardisation and coaching,Describe a specific incident when script standardisation didn't work as planned.,specific incident when script,incident,invented_event,0,,,accept,
P3,s_b78480a77e,bpo_operations,INCIDENT,Drove a 30% improvement in CSAT scores across the entire process,Describe a specific incident when a CSAT score dropped unexpectedly. What did you do?,specific incident when a,incident,invented_event,0,,,accept,
P3,s_b78480a77e,bpo_operations,TRANSFER,Delivered a 30% improvement in AHT through advanced process optimisation,How would you use process optimisation to improve a team's CSAT scores?,CSAT,csat,invented_metric,0,,,accept,
P3,s_37e2029106,product,OPERATIONAL,Grew activation from 41% to 63% over two quarters by rebuilding the first-run flow,What specific actions did you take in the analytics dashboard each Monday?,analytics dashboard each Monday,dashboard,invented_tool,1,generally_entailed,,accept,
P3,s_37e2029106,product,OUTCOME,Ran 40 user interviews to find the top three pain points before writing the PRD,How did you measure the impact of addressing the top pain points on user retention?,retention,retention,invented_metric,0,,,accept,
P3,s_37e2029106,product,OUTCOME,Ran 40 user interviews to find the top three pain points before writing the PRD,How did you measure the impact of addressing the top pain points on user retention?,impact of addressing the,impact,invented_outcome,1,,,accept,
P3,s_fef962016f,bpo_operations,OPERATIONAL,Managed a team of 35 agents across 4 pods with 4 senior associates reporting to me,What steps did you follow in the system to track daily attendance?,system to track daily,system,invented_tool,1,generally_entailed,,reject,no_claim_anchor
P3,s_fef962016f,bpo_operations,OPERATIONAL,Managed a team of 35 agents across 4 pods with 4 senior associates reporting to me,What steps did you take in the system for daily attendance tracking?,system for daily attendance,system,invented_tool,1,generally_entailed,,reject,no_claim_anchor
P3,s_fef962016f,bpo_operations,OPERATIONAL,Managed a team of 35 agents across 4 pods with 4 senior associates reporting to me,"On ""Managed a team of 35 agents across 4 pods with 4 senior associates reporting to me"" — How did this work day to day? Walk me through the steps and the systems you used.",steps and the systems,systems,invented_tool,1,generally_entailed,35 4,not_evaluated,
P3,s_fef962016f,bpo_operations,INCIDENT,Managed a team of 35 agents across 4 pods with 4 senior associates reporting to me,Describe a specific incident when a senior associate failed to meet expectations. What actions did you take?,specific incident when a,incident,invented_event,0,,,accept,
P3,s_fef962016f,bpo_operations,OPERATIONAL,Improved CSAT from 78% to 92% in four quarters by redesigning the escalation workflow,What steps did you take in Zendesk to review the reopen report?,reopen report,report,invented_artefact,1,,,accept,
P3,s_fef962016f,bpo_operations,OPERATIONAL,Reduced AHT from 480 seconds to 430 seconds by rewriting the call opening scripts,"On ""Reduced AHT from 480 seconds to 430 seconds by rewriting the call opening scripts"" — How did this work day to day? Walk me through the steps and the systems you used.",steps and the systems,systems,invented_tool,1,specifically_unentailed,430 480,not_evaluated,
P3,s_11eaf9563c,bpo_operations,INCIDENT,Managed a team of 22 agents and ran the daily huddle,Describe a specific incident when the daily huddle didn't go as planned.,specific incident when the,incident,invented_event,0,,,accept,
P3,s_11eaf9563c,bpo_operations,TRANSFER,Managed a team of 22 agents and ran the daily huddle,How would you manage reducing AHT using your team huddle approach?,AHT,aht,invented_metric,0,,,accept,
P3,s_11eaf9563c,bpo_operations,OPERATIONAL,Held SLA attainment at 97% across four queues by rebuilding the roster model,"On ""Held SLA attainment at 97% across four queues by rebuilding the roster model"" — How did this work day to day? Walk me through the steps and the systems you used.",steps and the systems,systems,invented_tool,1,specifically_unentailed,97%,not_evaluated,
P3,s_1537475c95,bpo_operations,INCIDENT,Drove a 30% improvement in CSAT scores across the entire process,Describe a specific incident when a process change negatively impacted CSAT scores.,specific incident when a,incident,invented_event,0,,,accept,
P3,s_1537475c95,bpo_operations,TRANSFER,Delivered a 30% improvement in AHT through advanced process optimisation,How would you apply process optimization to improve CSAT with a team of 45 agents?,CSAT,csat,invented_metric,0,,45,reject,duplicate_content
P3,s_1537475c95,bpo_operations,TRANSFER,Delivered a 30% improvement in AHT through advanced process optimisation,How would you use process optimization to manage a team of 45 agents and exceed CSAT targets?,CSAT,csat,invented_metric,0,,45,reject,duplicate_content
P3,s_1537475c95,bpo_operations,TRANSFER,Delivered a 30% improvement in AHT through advanced process optimisation,"On ""Delivered a 30% improvement in AHT through advanced process optimisation"" — Suppose you had taken on a team of 45 agents and consistently exceeded all CSAT targets instead. Using the approach you described, where would you start?",CSAT,csat,invented_metric,0,,30% 45,not_evaluated,
P3,s_c016e3c3a1,product,OUTCOME,Grew activation from 41% to 63% over two quarters by rebuilding the first-run flow,What was the impact on user retention after improving the first-run flow?,retention,retention,invented_metric,0,,,accept,
P3,s_c016e3c3a1,product,OUTCOME,Grew activation from 41% to 63% over two quarters by rebuilding the first-run flow,What was the impact on user retention after improving the first-run flow?,impact on user retention,impact,invented_outcome,1,,,accept,
P3,s_c016e3c3a1,product,OPERATIONAL,Grew activation from 41% to 63% over two quarters by rebuilding the first-run flow,What specific actions did you take in the product analytics dashboard each week?,product analytics dashboard each,dashboard,invented_tool,1,generally_entailed,,accept,
P3,s_c016e3c3a1,product,OPERATIONAL,Ran 40 user interviews to find the top three pain points before writing the PRD,What specific actions did you take in the transcription tool during the interviews?,transcription tool during the,transcription tool,invented_tool,1,generally_entailed,,reject,duplicate_content
P3,s_c016e3c3a1,product,OPERATIONAL,Ran 40 user interviews to find the top three pain points before writing the PRD,"On ""Ran 40 user interviews to find the top three pain points before writing the PRD"" — How did this work day to day? Walk me through the steps and the systems you used.",steps and the systems,systems,invented_tool,1,generally_entailed,40,not_evaluated,
P3,s_c016e3c3a1,product,OUTCOME,Ran 40 user interviews to find the top three pain points before writing the PRD,How did you measure the success of addressing the top three pain points?,success of addressing the,success,invented_outcome,1,,,reject,duplicate_content
P3,s_c016e3c3a1,product,OUTCOME,Ran 40 user interviews to find the top three pain points before writing the PRD,How did you measure the impact of addressing the top three pain points?,impact of addressing the,impact,invented_outcome,1,,,reject,duplicate_content
P3,s_028ee587fb,bpo_operations,OPERATIONAL,Ran weekly calibration with the quality team,What specific actions did you take in the system during calibration sessions?,system during calibration sessions,system,invented_tool,1,generally_entailed,,accept,
P3,s_028ee587fb,bpo_operations,OUTCOME,Ran weekly calibration with the quality team,How did you measure the success of the calibration sessions?,success of the calibration,success,invented_outcome,1,,,accept,
P3,s_028ee587fb,bpo_operations,INCIDENT,Managed rosters for 42 agents across three shifts,Describe a specific incident when managing rosters was particularly difficult.,specific incident when managing,incident,invented_event,0,,,accept,
P3,s_028ee587fb,bpo_operations,OPERATIONAL,Managed rosters for 42 agents across three shifts,What specific steps did you take in the system to adjust rosters for unexpected absences?,system to adjust rosters,system,invented_tool,1,generally_entailed,,reject,duplicate_content
P3,s_028ee587fb,bpo_operations,OPERATIONAL,Managed rosters for 42 agents across three shifts,What specific steps did you take in the system to adjust rosters during unexpected absences?,system to adjust rosters,system,invented_tool,1,generally_entailed,,reject,duplicate_content
P3,s_028ee587fb,bpo_operations,OPERATIONAL,Managed rosters for 42 agents across three shifts,"On ""Managed rosters for 42 agents across three shifts"" — How did this work day to day? Walk me through the steps and the systems you used.",steps and the systems,systems,invented_tool,1,generally_entailed,42,not_evaluated,
P3,s_94cebba73f,bpo_operations,OUTCOME,Managed nesting batches for new hires on a night shift voice process before they moved to the production floor.,How did you measure the improvement in confidence and performance of new hires by the end of nesting?,improvement in confidence and,improvement,invented_outcome,1,,,reject,duplicate_content
P3,s_94cebba73f,bpo_operations,OUTCOME,Managed nesting batches for new hires on a night shift voice process before they moved to the production floor.,How did you measure the improvement in new hires' confidence before moving to the production floor?,improvement in new hires,improvement,invented_outcome,1,,,accept,
P3,s_24976b10e3,bpo_operations,OPERATIONAL,Reported CX metrics to the client every Monday.,What steps did you take in the system to prepare the CX report?,system to prepare the,system,invented_tool,1,specifically_unentailed,,accept,
P3,s_4be968d6fc,bpo_operations,OPERATIONAL,Ran workforce planning for a 24x7 contact centre.,What specific tasks did you perform daily in the workforce planning system?,workforce planning system,system,invented_tool,1,generally_entailed,,accept,
P3,s_b7703082e5,customer_support,INCIDENT,Cut first response time from 9 hours to under 2.,Describe a specific incident when reducing response time didn’t go as planned.,specific incident when reducing,incident,invented_event,0,,,accept,
P3,s_b7703082e5,customer_support,OPERATIONAL,Cut first response time from 9 hours to under 2.,What specific actions did you take in the ticketing system to reduce response time?,ticketing system to reduce,ticketing system,invented_tool,1,generally_entailed,,accept,
P3,s_b7703082e5,customer_support,OUTCOME,Cut first response time from 9 hours to under 2.,How did you measure the reduction in response time from 9 hours to under 2?,reduction in response time,reduction,invented_outcome,1,,2 9,reject,answer_leakage
P3,s_b7703082e5,customer_support,OUTCOME,Cut first response time from 9 hours to under 2.,How did you measure the improvement in response time after implementing changes?,improvement in response time,improvement,invented_outcome,1,,,accept,
P3,s_46151c60a4,customer_support,INCIDENT,Led the escalation desk for a SaaS product.,Describe a specific incident where a P1 issue wasn't resolved in 2 hours.,2 hours,2 hours,invented_condition,1,,1 2,reject,no_claim_anchor
P3,s_46151c60a4,customer_support,INCIDENT,Led the escalation desk for a SaaS product.,Describe a specific incident where a P1 issue wasn't resolved in 2 hours.,specific incident where a,incident,invented_event,0,,1 2,reject,no_claim_anchor
P3,s_46151c60a4,customer_support,INCIDENT,Led the escalation desk for a SaaS product.,Describe a specific P1 issue that took longer than 2 hours to resolve.,longer than 2 hours,longer than 2 hours,invented_condition,1,,1 2,reject,no_claim_anchor
P3,s_46151c60a4,customer_support,OPERATIONAL,Led the escalation desk for a SaaS product.,What specific actions did you take in the system to prioritize P1 issues?,system to prioritize P1,system,invented_tool,1,generally_entailed,1,reject,scope_drift
P3,s_46151c60a4,customer_support,INCIDENT,Ran the chat support queue.,Describe a specific incident when you struggled to manage the chat support queue effectively.,specific incident when you,incident,invented_event,0,,,accept,
P3,s_46151c60a4,customer_support,OPERATIONAL,Ran the chat support queue.,"On ""Ran the chat support queue."" — How did this work day to day? Walk me through the steps and the systems you used.",steps and the systems,systems,invented_tool,1,generally_entailed,,not_evaluated,
P3,s_4bdb4bb3ec,customer_support,INCIDENT,"Customer success manager for 60 enterprise accounts, working mostly out of Freshdesk and email support.",Describe a specific incident when handling an account went wrong. What happened?,specific incident when handling,incident,invented_event,0,,,accept,
P3,s_df85adf28b,customer_support,OPERATIONAL,Reduced reopen rate by a third.,What specific steps did you take each day to monitor and adjust the macros?,macros,macros,invented_tool,1,specifically_unentailed,,accept,
P3,s_df85adf28b,customer_support,OUTCOME,Wrote macros for the top ten issue types.,How did you calculate the 30% reopen rate before implementing macros?,reopen rate,reopen rate,invented_metric,0,,30%,accept,
P3,s_b260f22a77,customer_support,INCIDENT,Managed a support team of 12 covering chat support and email support for an e-commerce platform.,Describe a specific incident when your team struggled to meet ticket volume demands.,specific incident when your,incident,invented_event,0,,,accept,
P3,s_f55c0852ff,sales,OPERATIONAL,Carrying a quota of $1.2M ARR.,What specific actions did you take in your CRM each day to manage your pipeline?,CRM each day to,crm,invented_tool,1,generally_entailed,,reject,no_claim_anchor
P3,s_f55c0852ff,sales,OPERATIONAL,Carrying a quota of $1.2M ARR.,How did you use your CRM system daily to manage your $1.2M ARR quota?,CRM system daily to,crm,invented_tool,1,generally_entailed,1.2,reject,answer_leakage
P3,s_f55c0852ff,sales,OPERATIONAL,Carrying a quota of $1.2M ARR.,"On ""Carrying a quota of $1.2M ARR."" — How did this work day to day? Walk me through the steps and the systems you used.",steps and the systems,systems,invented_tool,1,generally_entailed,1.2,not_evaluated,
P3,s_f55c0852ff,sales,OPERATIONAL,Built pipeline through outbound prospecting and closed 34 deals last year.,How did you use the CRM system to track interactions daily?,CRM system to track,crm,invented_tool,1,generally_entailed,,reject,no_claim_anchor
P3,s_f55c0852ff,sales,OPERATIONAL,Built pipeline through outbound prospecting and closed 34 deals last year.,How did you use the CRM to track interactions and schedule follow-ups for closing deals?,CRM to track interactions,crm,invented_tool,1,generally_entailed,,accept,
P3,s_f55c0852ff,sales,OUTCOME,Built pipeline through outbound prospecting and closed 34 deals last year.,What specific action led to closing the most valuable deal and what was the impact?,impact,impact,invented_outcome,1,,,accept,
P3,s_d6c10492f2,sales,OPERATIONAL,Consistently at 110% of target with a conversion rate of 22% from qualified leads.,What specific tasks did you perform daily in the CRM to manage your leads?,CRM to manage your,crm,invented_tool,1,generally_entailed,,accept,
P3,s_b920556961,sales,OPERATIONAL,"Managed the sales funnel for a fintech product, from first lead to closing, and grew revenue 40% year on year.",What specific actions did you take daily in the CRM to manage the sales funnel?,CRM to manage the,crm,invented_tool,1,generally_entailed,,accept,
P3,s_48029dec30,sales,OPERATIONAL,Owned a pipeline of 80 prospects and hit quota six quarters running.,What specific actions did you take in the CRM each day to manage your pipeline?,CRM each day to,crm,invented_tool,1,generally_entailed,,accept,
P3,s_54a9368e5b,sales,VALIDATION,Grew ARR from $400K to $1.1M,How long did it take to achieve the growth in ARR?,growth in ARR,growth,invented_outcome,1,,,accept,
P3,s_54a9368e5b,sales,OUTCOME,Grew ARR from $400K to $1.1M,How did you measure the improvement in conversion rates?,conversion rates,conversion rates,invented_metric,0,,,accept,
P3,s_54a9368e5b,sales,OUTCOME,Grew ARR from $400K to $1.1M,How did you measure the improvement in conversion rates?,improvement in conversion rates,improvement,invented_outcome,1,,,accept,
P3,s_54a9368e5b,sales,OUTCOME,Coached four inside sales reps on closing technique,How did you capture the jump in conversion rates from 15% to 25%?,conversion rates,conversion rates,invented_metric,0,,15% 25%,reject,duplicate_content
P3,s_54a9368e5b,sales,OUTCOME,Coached four inside sales reps on closing technique,How did you capture the jump in conversion rates from 15% to 25%?,jump in conversion rates,jump,invented_outcome,1,,15% 25%,reject,duplicate_content
P3,s_54a9368e5b,sales,OUTCOME,Coached four inside sales reps on closing technique,How did you ensure the increase in conversion rate was due to your coaching?,conversion rate,conversion rate,invented_metric,0,,,accept,
P3,s_9e729838a7,sales,OPERATIONAL,"Pricing approvals, quota planning and revenue forecast reviews for the field sales org.",What specific actions did you perform in the system for revenue forecast reviews?,system for revenue forecast,system,invented_tool,1,generally_entailed,,accept,
P3,s_9e729838a7,sales,OPERATIONAL,Ran the deal desk.,"On ""Ran the deal desk."" — How did this work day to day? Walk me through the steps and the systems you used.",steps and the systems,systems,invented_tool,1,generally_entailed,,not_evaluated,
P3,s_9e729838a7,sales,OUTCOME,Ran the deal desk.,How did you measure the success of deals closed and what metrics showed improvement?,success of deals closed,success,invented_outcome,1,,,accept,
P3,s_39775f17f9,banking_operations,OUTCOME,"Owned CASA growth, daily reconciliation and audit compliance for a metro branch.",How did you measure the success of your CASA growth strategies?,success of your CASA,success,invented_outcome,1,,,reject,duplicate_content
P3,s_39775f17f9,banking_operations,OUTCOME,"Owned CASA growth, daily reconciliation and audit compliance for a metro branch.",How did you measure the success of your CASA growth strategies?,success of your CASA,success,invented_outcome,1,,,reject,duplicate_content
P3,s_59521eb183,banking_operations,OUTCOME,"Worked in NPA recovery for a housing finance company, coordinating with legal on more than 300 accounts.",How did you measure success in NPA recovery and what were the results?,results,results,invented_outcome,1,,,accept,
P3,s_89a77ba5c5,banking_operations,OPERATIONAL,Processed insurance claims and mutual fund transactions at a bank's back office in Mumbai.,What specific tasks did you perform in the systems for processing claims?,systems for processing claims,systems,invented_tool,1,generally_entailed,,accept,
P3,s_66a0c936c4,banking_operations,OPERATIONAL,Ran KYC audits and reported exceptions to the risk committee.,What specific tasks did you perform in the system during a KYC audit?,system during a KYC,system,invented_tool,1,generally_entailed,,accept,
P3,s_66a0c936c4,banking_operations,OUTCOME,Ran KYC audits and reported exceptions to the risk committee.,What impact did freezing the client's account have on your compliance metrics?,compliance metrics,metrics,invented_metric,1,,,accept,
P3,s_92da7c8747,banking_operations,OUTCOME,"Loan operations executive. Handled disbursement checks, credit memos and monthly reconciliation.","What was the result of resolving discrepancies before month-end, and how did it impact your team's performance?",result of resolving discrepancies,result,invented_outcome,1,,,accept,
P3,s_5edcc30692,software_engineering,OUTCOME,Built REST APIs on Postgres and deployed to Kubernetes on AWS.,How did you measure the performance improvement after deploying the APIs on AWS?,performance improvement after deploying,improvement,invented_outcome,1,,,accept,
P3,s_f13fc04da1,software_engineering,VALIDATION,Cut p95 latency from 900ms to 180ms.,How long did it take to achieve the latency reduction?,latency reduction,reduction,invented_outcome,1,,,accept,
P3,s_f13fc04da1,software_engineering,INCIDENT,Cut p95 latency from 900ms to 180ms.,Describe a specific incident where a change you made caused unexpected latency issues.,specific incident where a,incident,invented_event,0,,,reject,multiple_fact_targets
P3,s_f13fc04da1,software_engineering,INCIDENT,Cut p95 latency from 900ms to 180ms.,Describe a specific incident where a caching change caused unexpected issues.,specific incident where a,incident,invented_event,0,,,accept,
P3,s_f13fc04da1,software_engineering,OUTCOME,Cut p95 latency from 900ms to 180ms.,How did you measure the latency improvement from 900ms to 180ms?,latency improvement from,improvement,invented_outcome,1,,180 900,reject,answer_leakage
P3,s_f13fc04da1,software_engineering,OUTCOME,Cut p95 latency from 900ms to 180ms.,How did you measure the improvement in latency from 900ms to 180ms?,improvement in latency from,improvement,invented_outcome,1,,180 900,reject,answer_leakage
P3,s_8d3e8a68ae,software_engineering,OUTCOME,"Built event pipelines on Kafka and Redis, running as microservices behind an API gateway.",How did you measure the success of the event pipelines after implementation?,success of the event,success,invented_outcome,1,,,reject,duplicate_content
P3,s_8d3e8a68ae,software_engineering,OUTCOME,"Built event pipelines on Kafka and Redis, running as microservices behind an API gateway.",How did you measure the performance improvements after implementing the event pipelines?,performance improvements after implementing,improvements,invented_outcome,1,,,accept,
P3,s_801d8a609d,software_engineering,INCIDENT,Owned the deploy tooling and improved throughput of the ingestion service fourfold.,Describe a specific incident when the deploy tooling failed.,specific incident when the,incident,invented_event,0,,,accept,
P3,s_801d8a609d,software_engineering,OUTCOME,Owned the deploy tooling and improved throughput of the ingestion service fourfold.,How did you measure the fourfold increase in throughput?,fourfold increase in throughput,increase,invented_outcome,1,,,accept,
P3,s_137f1fc585,software_engineering,OUTCOME,Wrote the reconciliation service in Java against a Postgres database.,How did you measure the success of the reconciliation service after deployment?,success of the reconciliation,success,invented_outcome,1,,,accept,
P3,s_137f1fc585,software_engineering,INCIDENT,Wrote the reconciliation service in Java against a Postgres database.,Describe a specific incident when the reconciliation service failed.,specific incident when the,incident,invented_event,0,,,reject,multiple_fact_targets
P3,s_58a1b83d17,software_engineering,OUTCOME,Frontend developer building React interfaces against internal APIs.,How did you measure the improvement in user experience after launching a React interface?,improvement in user experience,improvement,invented_outcome,1,,,accept,
P3,s_96d5c9d85a,data_analytics,OUTCOME,Built dashboards in Tableau and Power BI on top of a Snowflake warehouse.,How did you measure the success of the dashboards you built?,success of the dashboards,success,invented_outcome,1,,,accept,
P3,s_3abd40422f,data_analytics,OPERATIONAL,Trained a demand forecast model and took it to production.,What steps did you take each day in the system to monitor the model?,system to monitor the,system,invented_tool,1,generally_entailed,,accept,
P3,s_9601f8af21,data_analytics,OUTCOME,"Data engineer. Airflow DAGs, dbt models and a warehouse feeding Tableau extracts.",How did you measure the success of the data pipeline improvements?,success of the data,success,invented_outcome,1,,,accept,
P3,s_ae0f5140a9,hr_recruitment,OUTCOME,"Sourcing on Naukri and Shine, managed offer rollout and joinee follow-up.","What specific outcome did you achieve by managing offer rollouts and follow-ups, and how did you measure its success?",success,success,invented_outcome,1,,,reject,duplicate_content
P3,s_007bf6b39c,hr_recruitment,OPERATIONAL,"Owned attrition, engagement surveys and the onboarding programme.",What specific actions did you take in the system to manage attrition?,system to manage attrition,system,invented_tool,1,generally_entailed,,accept,
P3,s_70bd955e23,hr_recruitment,OPERATIONAL,Ran interview panels and reduced time to offer from 40 days to 22.,What specific actions did you take in the interview system to streamline the process?,interview system to streamline,system,invented_tool,1,generally_entailed,,accept,
P3,s_70bd955e23,hr_recruitment,OUTCOME,Ran interview panels and reduced time to offer from 40 days to 22.,How did you measure the reduction from 40 to 22 days in your hiring process?,reduction from,reduction,invented_outcome,1,,22 40,reject,answer_leakage
P3,s_70bd955e23,hr_recruitment,OUTCOME,Ran interview panels and reduced time to offer from 40 days to 22.,How did you measure the reduction in time to offer from 40 days to 22?,reduction in time to,reduction,invented_outcome,1,,22 40,reject,answer_leakage
P3,s_b1f0bf5ff3,hr_recruitment,OPERATIONAL,"HR generalist handling payroll, onboarding and exit formalities for two business units.",What steps did you take in the payroll system each month?,payroll system each month,system,invented_tool,1,generally_entailed,,accept,
P3,s_b1f0bf5ff3,hr_recruitment,OUTCOME,"HR generalist handling payroll, onboarding and exit formalities for two business units.",How did you measure the success of your onboarding process?,success of your onboarding,success,invented_outcome,1,,,accept,
P3,s_538b1d05f5,hr_recruitment,OPERATIONAL,"Led campus hiring, sourcing, interview coordination and joinee onboarding for 120 offers.",What specific tasks did you perform in the recruitment software daily?,recruitment software daily,software,invented_tool,1,generally_entailed,,accept,
P3,s_c7c47cf1fd,hr_recruitment,INCIDENT,Built a sourcing team of six and cut attrition in the first 90 days by half.,Describe a specific incident when attrition spiked unexpectedly after forming the team.,specific incident when attrition,incident,invented_event,0,,,accept,
P3,s_c7c47cf1fd,hr_recruitment,OPERATIONAL,Built a sourcing team of six and cut attrition in the first 90 days by half.,What specific tasks did you perform daily in the sourcing system to reduce attrition?,sourcing system to reduce,system,invented_tool,1,generally_entailed,,accept,
P3,s_c7c47cf1fd,hr_recruitment,DECISION,Built a sourcing team of six and cut attrition in the first 90 days by half.,"What specific retention strategies did you implement after the layoff, and why did you choose them?",retention,retention,invented_metric,0,,,accept,
P3,s_c7c47cf1fd,hr_recruitment,OUTCOME,Built a sourcing team of six and cut attrition in the first 90 days by half.,How did you measure the reduction in attrition after implementing your strategies?,reduction in attrition after,reduction,invented_outcome,1,,,accept,
P3,s_355024110f,general,DECISION,Managed a team of 20 and improved process efficiency across the department over two years.,What criteria did you use to decide which tasks to prioritize during the high-pressure week?,high-pressure week,high-pressure week,invented_event,1,,,accept,
P3,s_355024110f,general,OUTCOME,Managed a team of 20 and improved process efficiency across the department over two years.,How did you measure the improvement in process efficiency?,improvement in process efficiency,improvement,invented_outcome,1,,,accept,
P3,s_05280c12d0,general,DECISION,MBA graduate seeking opportunities with a growth-oriented organisation. Strong analytical and leadership abilities.,What criteria did you use to decide which ideas to combine in your marketing plan?,marketing plan,marketing plan,invented_artefact,1,,,accept,
P3,s_05280c12d0,general,OUTCOME,MBA graduate seeking opportunities with a growth-oriented organisation. Strong analytical and leadership abilities.,How did you measure the success of your team's marketing plan?,success of your team,success,invented_outcome,1,,,accept,
P3,s_9deb237f34,general,OPERATIONAL,"Ran daily stand-ups, tracked deliverables against milestones and presented to stakeholders every week.",What specific tasks did you perform in the system to track deliverables?,system to track deliverables,system,invented_tool,1,generally_entailed,,accept,
P3,s_9deb237f34,general,DECISION,"Ran daily stand-ups, tracked deliverables against milestones and presented to stakeholders every week.",What factors did you consider when deciding how to address the technical delays with stakeholders?,technical delays with stakeholders,delays,invented_event,1,,,accept,
P3,s_9deb237f34,general,OUTCOME,"Ran daily stand-ups, tracked deliverables against milestones and presented to stakeholders every week.",How did you measure the success of your weekly presentations to stakeholders?,success of your weekly,success,invented_outcome,1,,,accept,
P3,s_36d24fd8c1,general,OUTCOME,"Handled vendor coordination, invoice follow-up and the daily MIS for the regional office.",How did you measure the success of your vendor coordination efforts?,success of your vendor,success,invented_outcome,1,,,accept,
P3,s_2d0d59e5c6,general,OPERATIONAL,Drove client engagement through structured quarterly reviews with each account owner.,What specific steps did you take in the system to prepare for each quarterly review?,system to prepare for,system,invented_tool,1,generally_entailed,,accept,
P3,s_2d0d59e5c6,general,OUTCOME,Drove client engagement through structured quarterly reviews with each account owner.,How did you measure the success of these quarterly reviews?,success of these quarterly,success,invented_outcome,1,,,reject,duplicate_content
P3,s_2d0d59e5c6,general,OUTCOME,Drove client engagement through structured quarterly reviews with each account owner.,How did you measure the success of these quarterly reviews?,success of these quarterly,success,invented_outcome,1,,,reject,duplicate_content
P3,s_bac5527e96,general,OUTCOME,Arranged vendor contracts and dealt with escalations through the regional office.,How did you measure the success of the new delivery schedule with the vendor?,success of the new,success,invented_outcome,1,,,accept,
P3,s_5dc4163968,general,OPERATIONAL,Rapid capital deployment was reviewed by the risk committee at the end of each quarter.,What specific tasks did you perform in the system when preparing for the risk committee meetings?,system when preparing for,system,invented_tool,1,generally_entailed,,accept,
P3,s_5dc4163968,general,OUTCOME,Rapid capital deployment was reviewed by the risk committee at the end of each quarter.,How did you measure the success of the capital deployment after committee reviews?,success of the capital,success,invented_outcome,1,,,accept,
P3,s_d794e6ecd7,general,OPERATIONAL,Re-engineered the intake process and delivered rapid improvements in turnaround time.,What specific tasks did you perform daily in the system during the re-engineering?,system during the re-engineering,system,invented_tool,1,generally_entailed,,accept,
P3,s_8f35d89aef,general,OPERATIONAL,Reacted quickly to shifting priorities and supported multiple workstreams through the transition.,What specific actions did you take in the project management tools during the transition?,project management tools during,project management tools,invented_tool,1,generally_entailed,,accept,
P3,s_8f35d89aef,general,OUTCOME,Reacted quickly to shifting priorities and supported multiple workstreams through the transition.,How did you measure the success of the updated project management tools?,success of the updated,success,invented_outcome,1,,,accept,
P3,s_4177e0aa29,bpo_operations,INCIDENT,"Owned shrinkage and occupancy for a 150-seat process, reporting the numbers through the daily huddle.",Describe a specific incident when shrinkage or occupancy numbers were unexpectedly high or low.,specific incident when shrinkage,incident,invented_event,0,,,reject,multiple_fact_targets
P3,s_902db4caee,hr_recruitment,OUTCOME,Owned the recruiting funnel from sourcing through offer rollout.,How did you measure the success of your recruiting process for those roles?,success of your recruiting,success,invented_outcome,1,,,accept,
P3,s_c8a7c7f421,product,INCIDENT,Raised activation from 34% to 46% by rebuilding user onboarding after twenty user interviews.,Describe a specific time during the rebuild when you faced a major setback.,major setback,setback,invented_event,0,,,accept,
P3,s_c8a7c7f421,product,OPERATIONAL,Raised activation from 34% to 46% by rebuilding user onboarding after twenty user interviews.,What specific actions did you take in the analytics tool each morning?,analytics tool each morning,analytics tool,invented_tool,1,generally_entailed,,reject,no_claim_anchor
P3,s_c8a7c7f421,product,OPERATIONAL,Raised activation from 34% to 46% by rebuilding user onboarding after twenty user interviews.,What specific actions did you take in the analytics tool during the onboarding rebuild?,analytics tool during the,analytics tool,invented_tool,1,generally_entailed,,accept,
P3,s_c8a7c7f421,product,OUTCOME,Raised activation from 34% to 46% by rebuilding user onboarding after twenty user interviews.,How did you measure the increase in activation from 34% to 46%?,increase in activation from,increase,invented_outcome,1,,34% 46%,reject,answer_leakage
P3,s_c8a7c7f421,product,OUTCOME,Raised activation from 34% to 46% by rebuilding user onboarding after twenty user interviews.,How did you measure the increase in activation after the onboarding changes?,increase in activation after,increase,invented_outcome,1,,,accept,
P3,s_bfb3c99965,product,OPERATIONAL,Ran a/b tests on the cart flow and lifted adoption of saved cards by 18%.,What specific actions did you take in the analytics tool during the A/B tests?,analytics tool during the,analytics tool,invented_tool,1,generally_entailed,,accept,
P3,s_1f47c5557c,product,OPERATIONAL,Deprioritised two epics to ship the MVP a quarter early.,What specific actions did you take in the project management tool to deprioritize the epics?,project management tool to,project management tool,invented_tool,1,generally_entailed,,accept,
P3,s_1f47c5557c,product,OUTCOME,Deprioritised two epics to ship the MVP a quarter early.,How did you measure the impact of shipping the MVP early on user engagement?,impact of shipping the,impact,invented_outcome,1,,,accept,
P3,s_c5531ce78a,product,OPERATIONAL,Cut churn by reworking the trial experience and tracked user retention against a north star metric.,What specific actions did you take daily in the data analytics tool?,data analytics tool,analytics tool,invented_tool,1,generally_entailed,,accept,
P3,s_c5531ce78a,product,OUTCOME,Cut churn by reworking the trial experience and tracked user retention against a north star metric.,What specific metric showed retention improvement and how did the trial changes directly impact it?,trial changes directly impact,impact,invented_outcome,1,,,accept,
P3,s_828f4816fb,product,OUTCOME,Ran discovery interviews with branch staff.,How did you measure the 70% adoption rate among branch staff?,adoption rate,adoption rate,invented_metric,0,,70%,reject,duplicate_content
P3,s_828f4816fb,product,OUTCOME,Ran discovery interviews with branch staff.,How did you measure the 70% adoption rate among branch staff?,adoption rate,adoption rate,invented_metric,0,,70%,reject,duplicate_content
P3,s_828f4816fb,product,DECISION,Ran discovery interviews with branch staff.,What criteria did you use to prioritize feedback from the interviews for the PRD?,interviews for the PRD,prd,invented_artefact,1,,,accept,
P3,s_9e012c0470,product,OUTCOME,Built the experiment backlog and instrumented activation events across the funnel.,"What specific experiment improved activation rates, and how did you measure its success?",success,success,invented_outcome,1,,,reject,multiple_fact_targets
P3,s_9e012c0470,product,OUTCOME,Built the experiment backlog and instrumented activation events across the funnel.,What impact did instrumenting activation events have on conversion rates?,conversion rates,conversion rates,invented_metric,0,,,accept,
P4,s_d0ae84b7da,bpo_operations,DECISION,Managed a team of 35 agents across 4 pods with 4 senior associates reporting to me,What factors did you consider when deciding to redesign the escalation workflow?,escalation workflow,escalation,invented_event,1,,,reject,scope_drift|no_claim_anchor
P4,s_d0ae84b7da,bpo_operations,OPERATIONAL,Managed a team of 35 agents across 4 pods with 4 senior associates reporting to me,How did you use the queue report to identify performance issues?,queue report to identify,queue,invented_tool,1,generally_entailed,,accept,
P4,s_d0ae84b7da,bpo_operations,INCIDENT,Managed a team of 35 agents across 4 pods with 4 senior associates reporting to me,Describe a specific incident when a pod's performance dropped unexpectedly and how you handled it.,specific incident when a,incident,invented_event,0,,,accept,
P4,s_d0ae84b7da,bpo_operations,INCIDENT,Improved CSAT from 78% to 92% in four quarters by redesigning the escalation workflow,Can you describe a specific incident where the callback SLA failed and how you addressed it?,SLA,sla,invented_metric,0,,,reject,no_claim_anchor
P4,s_d0ae84b7da,bpo_operations,INCIDENT,Improved CSAT from 78% to 92% in four quarters by redesigning the escalation workflow,Can you describe a specific incident where the callback SLA failed and how you addressed it?,specific incident where the,incident,invented_event,0,,,reject,no_claim_anchor
P4,s_d0ae84b7da,bpo_operations,OPERATIONAL,Improved CSAT from 78% to 92% in four quarters by redesigning the escalation workflow,What specific actions did you take in Zendesk to review the reopen report?,reopen report,report,invented_artefact,1,,,accept,
P4,s_76a8074a79,bpo_operations,TRANSFER,Managed a team of 22 agents and ran the daily huddle,How would you use your team management approach to reduce AHT?,AHT,aht,invented_metric,0,,,accept,
P4,s_76a8074a79,bpo_operations,INCIDENT,Reduced AHT from 520 seconds to 430 seconds through script standardisation and coaching,Describe a specific incident where script standardisation didn't reduce AHT as expected.,specific incident where script,incident,invented_event,0,,,accept,
P4,s_76a8074a79,bpo_operations,OPERATIONAL,Held SLA attainment at 97% across four queues by rebuilding the roster model,"On ""Held SLA attainment at 97% across four queues by rebuilding the roster model"" — How did this work day to day? Walk me through the steps and the systems you used.",steps and the systems,systems,invented_tool,1,specifically_unentailed,97%,not_evaluated,
P4,s_720058fcce,bpo_operations,INCIDENT,Drove a 30% improvement in CSAT scores across the entire process,Describe a specific incident when a CSAT score dropped unexpectedly. What did you do?,specific incident when a,incident,invented_event,0,,,accept,
P4,s_720058fcce,bpo_operations,TRANSFER,Delivered a 30% improvement in AHT through advanced process optimisation,How would you apply process optimization to manage a team of 45 agents to consistently exceed CSAT targets?,CSAT,csat,invented_metric,0,,45,reject,duplicate_content
P4,s_720058fcce,bpo_operations,TRANSFER,Delivered a 30% improvement in AHT through advanced process optimisation,How would you apply process optimisation to manage a team of 45 agents and exceed CSAT targets?,CSAT,csat,invented_metric,0,,45,reject,duplicate_content
P4,s_720058fcce,bpo_operations,TRANSFER,Delivered a 30% improvement in AHT through advanced process optimisation,"On ""Delivered a 30% improvement in AHT through advanced process optimisation"" — Suppose you had taken on a team of 45 agents and consistently exceeded all CSAT targets instead. Using the approach you described, where would you start?",CSAT,csat,invented_metric,0,,30% 45,not_evaluated,
P4,s_391636b175,product,OUTCOME,Grew activation from 41% to 63% over two quarters by rebuilding the first-run flow,What specific changes in the first-run flow led to the activation increase?,activation increase,increase,invented_outcome,1,,,accept,
P4,s_391636b175,product,OPERATIONAL,Grew activation from 41% to 63% over two quarters by rebuilding the first-run flow,What specific actions did you take in the product analytics dashboard each Monday?,product analytics dashboard each,dashboard,invented_tool,1,generally_entailed,,accept,
P4,s_391636b175,product,OUTCOME,Ran 40 user interviews to find the top three pain points before writing the PRD,What was the impact on user retention after addressing the top three pain points?,retention,retention,invented_metric,0,,,accept,
P4,s_391636b175,product,OUTCOME,Ran 40 user interviews to find the top three pain points before writing the PRD,What was the impact on user retention after addressing the top three pain points?,impact on user retention,impact,invented_outcome,1,,,accept,
P4,s_6cd8a970c8,bpo_operations,OPERATIONAL,Managed rosters for 42 agents across three shifts,What steps did you take in the performance tracking software daily?,performance tracking software daily,software,invented_tool,1,generally_entailed,,reject,duplicate_content|no_claim_anchor
P4,s_6cd8a970c8,bpo_operations,OPERATIONAL,Managed rosters for 42 agents across three shifts,How did you use the performance tracking software to adjust daily rosters?,performance tracking software to,software,invented_tool,1,generally_entailed,,accept,
P4,s_dfdab5134c,bpo_operations,OPERATIONAL,Brought AHT down from 8 minutes to 5 and kept occupancy above 85%.,What specific actions did you take daily in the system to maintain occupancy above 85%?,system to maintain occupancy,system,invented_tool,1,specifically_unentailed,85%,reject,answer_leakage
P4,s_dfdab5134c,bpo_operations,OPERATIONAL,Brought AHT down from 8 minutes to 5 and kept occupancy above 85%.,How did you use the call handling system daily to maintain occupancy above 85%?,call handling system daily,system,invented_tool,1,specifically_unentailed,85%,reject,answer_leakage
P4,s_dfdab5134c,bpo_operations,OPERATIONAL,Brought AHT down from 8 minutes to 5 and kept occupancy above 85%.,"On ""Brought AHT down from 8 minutes to 5 and kept occupancy above 85%."" — How did this work day to day? Walk me through the steps and the systems you used.",steps and the systems,systems,invented_tool,1,specifically_unentailed,5 8 85%,not_evaluated,
P4,s_dfdab5134c,bpo_operations,OUTCOME,Brought AHT down from 8 minutes to 5 and kept occupancy above 85%.,How did you measure the impact of the AHT reduction on overall customer satisfaction?,impact of the AHT,impact,invented_outcome,1,,,accept,
P4,s_4065e611a6,bpo_operations,INCIDENT,Owned shrinkage and abandon rate for a 200-seat call centre in Gurgaon.,Describe a specific incident when shrinkage or abandon rate increased unexpectedly. What happened?,specific incident when shrinkage,incident,invented_event,0,,,accept,
P4,s_4065e611a6,bpo_operations,OPERATIONAL,Owned shrinkage and abandon rate for a 200-seat call centre in Gurgaon.,What specific steps did you take in your system each morning to monitor shrinkage?,system each morning to,system,invented_tool,1,generally_entailed,,accept,
P4,s_4065e611a6,bpo_operations,OUTCOME,Owned shrinkage and abandon rate for a 200-seat call centre in Gurgaon.,How did you verify the reduction in abandon rate from 12% to 5% was effective?,reduction in abandon rate,reduction,invented_outcome,1,,12% 5%,accept,
P4,s_d06533e45b,bpo_operations,OPERATIONAL,Managed nesting batches for new hires on a night shift voice process before they moved to the production floor.,What specific tasks did you perform daily in the system to manage the nesting batches?,system to manage the,system,invented_tool,1,generally_entailed,,accept,
P4,s_d06533e45b,bpo_operations,OUTCOME,Managed nesting batches for new hires on a night shift voice process before they moved to the production floor.,How did you measure the success of the nesting batches?,success of the nesting,success,invented_outcome,1,,,accept,
P4,s_001ddce879,bpo_operations,OPERATIONAL,Reported CX metrics to the client every Monday.,What specific actions did you take inside the reporting system to prepare the CX metrics?,reporting system to prepare,system,invented_tool,1,specifically_unentailed,,accept,
P4,s_001ddce879,bpo_operations,OUTCOME,Reported CX metrics to the client every Monday.,How did you measure the impact of CX metrics on client satisfaction?,impact of CX metrics,impact,invented_outcome,1,,,accept,
P4,s_a9ef9fd633,bpo_operations,OPERATIONAL,Ran workforce planning for a 24x7 contact centre.,What specific actions did you take in the workforce planning system each morning?,workforce planning system each,system,invented_tool,1,generally_entailed,,accept,
P4,s_a9ef9fd633,bpo_operations,OUTCOME,Ran workforce planning for a 24x7 contact centre.,How did you measure the success of your roster adjustments during the flu outbreak?,success of your roster,success,invented_outcome,1,,,accept,
P4,s_65b7dc8f69,customer_support,INCIDENT,Cut first response time from 9 hours to under 2.,Describe a specific incident where reducing response time was most challenging.,specific incident where reducing,incident,invented_event,0,,,accept,
P4,s_65b7dc8f69,customer_support,OPERATIONAL,Cut first response time from 9 hours to under 2.,What specific steps did you take each morning to manage ticket handling in your system?,system,system,invented_tool,1,generally_entailed,,accept,
P4,s_65b7dc8f69,customer_support,OUTCOME,Cut first response time from 9 hours to under 2.,How did you measure the reduction in response time after implementing changes?,reduction in response time,reduction,invented_outcome,1,,,accept,
P4,s_28acef692f,customer_support,OUTCOME,Led the escalation desk for a SaaS product.,How did you measure the success of resolving P1 issues?,success of resolving P1,success,invented_outcome,1,,1,reject,scope_drift
P4,s_28acef692f,customer_support,OUTCOME,Led the escalation desk for a SaaS product.,How did you measure the success of resolving P1 issues?,success of resolving P1,success,invented_outcome,1,,1,reject,scope_drift
P4,s_28acef692f,customer_support,OPERATIONAL,Owned resolution time for P1 issues.,How did you use the support dashboard to track resolution times?,support dashboard to track,dashboard,invented_tool,1,generally_entailed,,accept,
P4,s_28acef692f,customer_support,OPERATIONAL,Ran the chat support queue.,How did you manage daily tasks in the chat support system?,chat support system,system,invented_tool,1,generally_entailed,,accept,
P4,s_fb259eee56,customer_support,INCIDENT,"Customer success manager for 60 enterprise accounts, working mostly out of Freshdesk and email support.",Describe a specific incident when handling an enterprise account went wrong.,specific incident when handling,incident,invented_event,0,,,accept,
P4,s_cf35ada00d,customer_support,OPERATIONAL,Reduced reopen rate by a third.,What specific actions did you take in the system to analyze the top ten issues?,system to analyze the,system,invented_tool,1,generally_entailed,,reject,scope_drift
P4,s_cf35ada00d,customer_support,OPERATIONAL,Reduced reopen rate by a third.,What steps did you take each morning to review and adjust the macros?,macros,macros,invented_tool,1,specifically_unentailed,,accept,
P4,s_cf35ada00d,customer_support,OUTCOME,Reduced reopen rate by a third.,How did you measure the reduction in reopen rate after implementing the macros?,macros,macros,invented_tool,1,specifically_unentailed,,accept,
P4,s_cf35ada00d,customer_support,OPERATIONAL,Wrote macros for the top ten issue types.,What actions did you perform in the ticketing system to test and tweak macros?,ticketing system to test,ticketing system,invented_tool,1,generally_entailed,,accept,
P4,s_cf35ada00d,customer_support,OUTCOME,Wrote macros for the top ten issue types.,How did you track and document the 10% drop in reopen rate?,reopen rate,reopen rate,invented_metric,0,,10%,reject,unsupported_metric|duplicate_content|scope_drift
P4,s_cf35ada00d,customer_support,OUTCOME,Wrote macros for the top ten issue types.,How did you track the impact of macros on customer satisfaction?,impact of macros on,impact,invented_outcome,1,,,accept,
P4,s_0fdaa16eeb,customer_support,OPERATIONAL,Took escalation from tier 1 and tracked resolution time week over week.,What specific steps did you take in the system to track resolution times?,system to track resolution,system,invented_tool,1,generally_entailed,,accept,
P4,s_0fdaa16eeb,customer_support,OUTCOME,Took escalation from tier 1 and tracked resolution time week over week.,What changes did you see in resolution times after implementing your tracking system?,tracking system,system,invented_tool,1,generally_entailed,,accept,
P4,s_ea661c1af7,sales,OPERATIONAL,Carrying a quota of $1.2M ARR.,What specific actions did you take in your CRM daily to manage your pipeline?,CRM daily to manage,crm,invented_tool,1,generally_entailed,,reject,no_claim_anchor
P4,s_ea661c1af7,sales,OPERATIONAL,Carrying a quota of $1.2M ARR.,"On ""Carrying a quota of $1.2M ARR."" — How did this work day to day? Walk me through the steps and the systems you used.",steps and the systems,systems,invented_tool,1,generally_entailed,1.2,not_evaluated,
P4,s_ea661c1af7,sales,OPERATIONAL,Closed 34 deals last year.,How did you use the CRM system to track and manage your deals daily?,CRM system to track,crm,invented_tool,1,generally_entailed,,accept,
P4,s_ea661c1af7,sales,OUTCOME,Closed 34 deals last year.,How did you measure the success of the deals after closing them?,success of the deals,success,invented_outcome,1,,,accept,
P4,s_98bba00656,sales,OPERATIONAL,"Managed the sales funnel for a fintech product, from first lead to closing, and grew revenue 40% year on year.",How did you use the CRM system daily to track and convert leads?,CRM system daily to,crm,invented_tool,1,generally_entailed,,accept,
P4,s_6c042589c1,sales,OPERATIONAL,Owned a pipeline of 80 prospects and hit quota six quarters running.,What specific actions did you take in the CRM to track engagement levels?,CRM to track engagement,crm,invented_tool,1,generally_entailed,,accept,
P4,s_6c042589c1,sales,DECISION,Owned a pipeline of 80 prospects and hit quota six quarters running.,"What criteria did you use to decide which high-value leads to focus on after the delay, and why?",delay,delay,invented_event,1,,,accept,
P4,s_12d13a9554,sales,OPERATIONAL,Grew ARR from $400K to $1.1M,What specific tasks did you perform daily in the CRM to track sales progress?,CRM to track sales,crm,invented_tool,1,generally_entailed,,accept,
P4,s_12d13a9554,sales,DECISION,Grew ARR from $400K to $1.1M,What specific sales strategy did you decide to implement to achieve the ARR growth?,ARR growth,growth,invented_outcome,1,,,accept,
P4,s_12d13a9554,sales,OUTCOME,Grew ARR from $400K to $1.1M,What was the most significant change you saw in conversion rates after implementing the targeted outreach campaign?,conversion rates,conversion rates,invented_metric,0,,,accept,
P4,s_12d13a9554,sales,OPERATIONAL,Coached four inside sales reps on closing technique,How did you use the CRM to provide feedback on each rep's progress?,CRM to provide feedback,crm,invented_tool,1,generally_entailed,,accept,
P4,s_12d13a9554,sales,OUTCOME,Coached four inside sales reps on closing technique,How did you measure the improvement in closing rates after coaching the reps?,improvement in closing rates,improvement,invented_outcome,1,,,accept,
P4,s_9ca16afee1,sales,OPERATIONAL,"Ran the deal desk. Pricing approvals, quota planning and revenue forecast reviews for the field sales org.",What specific actions did you perform in the pricing approval system daily?,pricing approval system daily,system,invented_tool,1,generally_entailed,,accept,
P4,s_9ca16afee1,sales,OUTCOME,"Ran the deal desk. Pricing approvals, quota planning and revenue forecast reviews for the field sales org.",How did you measure the impact of your pricing approvals on revenue forecasts?,impact of your pricing,impact,invented_outcome,1,,,accept,
P4,s_9d7b65f9c0,banking_operations,OUTCOME,"Owned CASA growth, daily reconciliation and audit compliance for a metro branch.",How did you measure the success of your CASA growth initiatives?,success of your CASA,success,invented_outcome,1,,,accept,
P4,s_30d335d9d8,banking_operations,OUTCOME,"Worked in NPA recovery for a housing finance company, coordinating with legal on more than 300 accounts.",How did you measure the success of your NPA recovery efforts on those 300 accounts?,success of your NPA,success,invented_outcome,1,,300,reject,answer_leakage
P4,s_86c384ca3e,banking_operations,OPERATIONAL,Processed insurance claims and mutual fund transactions at a bank's back office in Mumbai.,What specific actions did you perform in the system when processing a mutual fund transaction?,system when processing a,system,invented_tool,1,generally_entailed,,accept,
P4,s_86c384ca3e,banking_operations,OUTCOME,Processed insurance claims and mutual fund transactions at a bank's back office in Mumbai.,What was the impact of your prioritization approach on processing times?,impact of your prioritization,impact,invented_outcome,1,,,accept,
P4,s_eae69901df,software_engineering,INCIDENT,Built REST APIs on Postgres and deployed to Kubernetes on AWS.,Describe a specific incident when deploying to Kubernetes on AWS went wrong.,specific incident when deploying,incident,invented_event,0,,,accept,
P4,s_b2e79c18f4,software_engineering,OUTCOME,Cut p95 latency from 900ms to 180ms.,How did you measure and confirm the reduction in p95 latency?,reduction in p95 latency,reduction,invented_outcome,1,,95,accept,
P4,s_3d00bb1d81,software_engineering,INCIDENT,"Built event pipelines on Kafka and Redis, running as microservices behind an API gateway.",Describe a specific incident when a microservice failed in your pipeline. What happened?,specific incident when a,incident,invented_event,0,,,reject,no_claim_anchor
P4,s_3d00bb1d81,software_engineering,INCIDENT,"Built event pipelines on Kafka and Redis, running as microservices behind an API gateway.",Describe a specific incident when a microservice in your Kafka-Redis pipeline failed. What happened?,specific incident when a,incident,invented_event,0,,,accept,
P4,s_3d00bb1d81,software_engineering,OUTCOME,"Built event pipelines on Kafka and Redis, running as microservices behind an API gateway.",How did you measure the performance improvement after implementing the Kafka-Redis pipelines?,performance improvement after implementing,improvement,invented_outcome,1,,,accept,
P4,s_f5154e5d53,software_engineering,DECISION,Owned the deploy tooling and improved throughput of the ingestion service fourfold.,What specific decision did you make that led to the fourfold improvement in throughput?,fourfold improvement in throughput,improvement,invented_outcome,1,,,accept,
P4,s_f5154e5d53,software_engineering,INCIDENT,Owned the deploy tooling and improved throughput of the ingestion service fourfold.,Describe a specific incident where the new CI/CD pipeline failed.,specific incident where the,incident,invented_event,0,,,accept,
P4,s_f5154e5d53,software_engineering,OUTCOME,Owned the deploy tooling and improved throughput of the ingestion service fourfold.,How did you measure the fourfold increase in throughput?,fourfold increase in throughput,increase,invented_outcome,1,,,accept,
P4,s_517ec3834b,software_engineering,OUTCOME,Wrote the reconciliation service in Java against a Postgres database.,How did you measure the success of the reconciliation service?,success of the reconciliation,success,invented_outcome,1,,,accept,
P4,s_83ef4dfa7d,software_engineering,OUTCOME,Frontend developer building React interfaces against internal APIs.,How did you measure the success of the React interfaces you built?,success of the React,success,invented_outcome,1,,,accept,
P4,s_6e06e9c82b,data_analytics,OUTCOME,Built dashboards in Tableau and Power BI on top of a Snowflake warehouse.,How did you measure the success of the dashboards you built?,success of the dashboards,success,invented_outcome,1,,,accept,
P4,s_7ac47cf461,data_analytics,DECISION,"Built ETL pipelines with dbt and Airflow, and maintained the reporting layer in SQL.",What criteria did you use to decide the tools for building the ETL pipelines?,tools for building the,tools,invented_tool,1,generally_entailed,,accept,
P4,s_7ac47cf461,data_analytics,OUTCOME,"Built ETL pipelines with dbt and Airflow, and maintained the reporting layer in SQL.",How did you measure the success of your ETL pipelines?,success of your ETL,success,invented_outcome,1,,,accept,
P4,s_6ea39b150d,data_analytics,OPERATIONAL,Trained a demand forecast model and took it to production.,What specific tasks did you perform daily in the system to monitor the model's performance?,system to monitor the,system,invented_tool,1,generally_entailed,,accept,
P4,s_af9c5440a3,data_analytics,OUTCOME,Owned the SQL reporting stack and a Looker dashboard suite for the commercial team.,How did you measure the success of the Looker dashboards for the commercial team?,success of the Looker,success,invented_outcome,1,,,accept,
P4,s_81ed8d6214,hr_recruitment,OUTCOME,"Recruiter hiring for engineering roles. Sourcing on Naukri and Shine, managed offer rollout and joinee follow-up.",How did you measure the success of using Naukri and Shine for these hires?,success of using Naukri,success,invented_outcome,1,,,accept,
P4,s_0df9c528e3,hr_recruitment,INCIDENT,HRBP for a 400-person org.,Describe a specific incident when engagement survey results were unexpectedly low. What did you do?,specific incident when engagement,incident,invented_event,0,,,accept,
P4,s_0df9c528e3,hr_recruitment,DECISION,HRBP for a 400-person org.,"What specific decision did you make to reduce attrition by 15%, and what options did you reject?",attrition,attrition,invented_metric,0,,15%,reject,no_claim_anchor
P4,s_811e7ed307,hr_recruitment,OUTCOME,Ran interview panels and reduced time to offer from 40 days to 22.,How did you track the reduction from 40 to 22 days in your process?,reduction from,reduction,invented_outcome,1,,22 40,reject,answer_leakage
P4,s_811e7ed307,hr_recruitment,OUTCOME,Ran interview panels and reduced time to offer from 40 days to 22.,How did you measure the reduction in time to offer?,reduction in time to,reduction,invented_outcome,1,,,accept,
P4,s_ec0f59f9ed,hr_recruitment,OPERATIONAL,"HR generalist handling payroll, onboarding and exit formalities for two business units.",What specific tasks did you perform in the payroll system each day?,payroll system each day,system,invented_tool,1,generally_entailed,,accept,
P4,s_ec0f59f9ed,hr_recruitment,OUTCOME,"HR generalist handling payroll, onboarding and exit formalities for two business units.",How did you measure the success of your onboarding processes?,success of your onboarding,success,invented_outcome,1,,,accept,
